h3_index,mean_rating,mean_residual,total_reviews,mean_reviews,chain_share,mean_price,cuisine_diversity,restaurant_count,hub_score,cluster,cluster_label,hex_lat,hex_lng
881fa44001fffff,4.069230769230769,0.0101714126865001,2497,192.07692307692307,0.0,1.9230769230769231,7,13,-0.01080406287832307,1,Strong,50.896316163653374,4.328962705481018
881fa44003fffff,3.3545454545454545,-0.004522084182492972,14615,1328.6363636363637,0.0,2.090909090909091,5,11,1.1768966622663646,0,Emerging,50.895540688385566,4.341064657639433
881fa44005fffff,4.3,0.029981878458830824,153,76.5,0.0,2.0,2,2,-0.9297583803128532,1,Strong,50.890134326305734,4.3206551851433375
881fa44007fffff,4.3,-0.04355340911149663,5820,582.0,0.0,2.0,7,10,0.31917762387272647,1,Strong,50.889359406145886,4.3327554366189425
881fa44009fffff,4.5,-0.17017741308812928,9,4.5,0.0,2.0,1,2,-1.336525314014727,1,Strong,50.90327195207026,4.325169302565907
881fa4400bfffff,4.333333333333333,0.008761480824264645,3043,1014.3333333333334,0.0,2.0,3,3,0.20381433042559144,1,Strong,50.90249724624423,4.337272209660952
881fa4400dfffff,3.935714285714286,-0.017849818477517827,10827,773.3571428571429,0.35714285714285715,2.0,8,14,1.3778691048970375,0,Emerging,50.897090314331464,4.3168614995744665
881fa44011fffff,4.189473684210526,0.013477080438494236,5004,263.36842105263156,0.10526315789473684,1.894736842105263,8,19,0.4105861275570906,1,Strong,50.900943859569125,4.361480259952366
881fa44013fffff,4.95,0.13189578102998878,91,45.5,0.0,2.0,1,2,-1.1521313678310232,1,Strong,50.90016517819511,4.373585401125419
881fa44015fffff,4.25,-0.005827587837779679,3940,394.0,0.0,1.8,7,10,0.03694847460967468,1,Strong,50.894763888265295,4.3531673550387735
881fa44017fffff,4.55,0.0843210745362204,190,95.0,0.0,2.0,2,2,-0.9212924481790721,1,Strong,50.89398576303013,4.365270796667796
881fa44019fffff,4.576923076923077,0.009768176695263087,2928,225.23076923076923,0.0,2.0,5,13,-0.29528975528866425,1,Strong,50.90790098700335,4.357689051442106
881fa4401bfffff,4.433333333333334,-0.028707719168942287,607,202.33333333333334,0.0,2.0,2,3,-0.8536998492667479,1,Strong,50.90712307489542,4.369795148984063
881fa4401dfffff,4.699999999999999,0.048246451297080384,1131,565.5,0.0,2.5,1,2,-0.3025704536179044,1,Strong,50.90172121549805,4.349375862460275
881fa44021fffff,4.29,0.005699722213771708,2939,293.9,0.0,1.8,7,10,-0.07096243786099775,1,Strong,50.87699457820514,4.316142944535584
881fa44023fffff,4.3375,0.004887842781918672,6452,403.25,0.0,1.9375,6,16,0.08132318217768357,1,Strong,50.87621944328889,4.328240541403449
881fa44025fffff,4.3500000000000005,-0.02663017500770652,3079,256.5833333333333,0.08333333333333333,2.0,7,12,0.1314052383436582,1,Strong,50.87081103346421,4.307839672750682
881fa44027fffff,3.96,-0.009348476191229782,7373,737.3,0.1,2.0,7,10,0.7459340997138497,0,Emerging,50.870036452875325,4.31993556935824
881fa44029fffff,4.2444444444444445,-0.0008225104549302031,2013,223.66666666666666,0.0,2.0,5,9,-0.2935075542605547,1,Strong,50.88395173468128,4.312349648286736
881fa4402bfffff,4.1571428571428575,-0.02012222747454822,2102,300.2857142857143,0.0,1.7142857142857142,6,7,-0.2798334089413992,1,Strong,50.88317736925906,4.324448199037952
881fa4402dfffff,5.0,0.11061157817133171,4,4.0,0.0,2.0,1,1,-1.239763804498982,1,Strong,50.87776838926006,4.304046094549833
881fa44031fffff,4.4,-0.0021157447566492182,4317,269.8125,0.0,1.8125,7,16,-0.02895189306463801,1,Strong,50.88162466557679,4.348647538537097
881fa44035fffff,4.15,0.07437293800941447,467,233.5,0.0,1.5,2,2,-0.9908815569933634,2,Elite,50.87544298424856,4.340338884143848
881fa44037fffff,4.18,0.002248391619722412,4992,332.8,0.06666666666666667,1.8666666666666667,9,15,0.46857696083106043,1,Strong,50.87466520082163,4.352437971746808
881fa44039fffff,4.314285714285714,-0.0030807670386968473,3586,256.14285714285717,0.0,1.7857142857142858,8,14,0.05572685816831914,1,Strong,50.888583161463934,4.344856433883067
881fa4403bfffff,3.3,0.2440389333298394,3,3.0,0.0,2.0,1,1,-0.7663345473585516,1,Strong,50.887805591997335,4.356958175925039
881fa44041fffff,4.378571428571428,-0.02788143143513861,3327,237.64285714285714,0.07142857142857142,2.0,7,14,0.11514169391122488,1,Strong,50.91099938293114,4.3092721128332645
881fa44045fffff,4.54,-0.016724382629351275,1241,248.2,0.0,2.0,4,5,-0.5319764080034333,1,Strong,50.90481739001352,4.300965729532414
881fa44047fffff,4.29375,-0.009083985814917123,4036,252.25,0.0625,2.0,8,16,0.30811403286368094,1,Strong,50.904045333239004,4.31306714218618
881fa4404dfffff,4.1,-0.016158871671297703,288,288.0,0.0,1.0,1,1,-1.4337829666078576,2,Elite,50.91177067010143,4.2971697461280165
881fa44051fffff,3.85,-0.0714145790316234,39,19.5,0.0,2.0,1,2,-1.1012738426141997,1,Strong,50.915632962468734,4.341790861645193
881fa44053fffff,4.9,0.08991529096393425,22,22.0,0.0,2.0,1,1,-1.2148526866666018,1,Strong,50.91485714523552,4.353897170991561
881fa44057fffff,4.05,0.1545318419386008,2955,738.75,0.0,1.75,2,4,-0.17994411806710245,1,Strong,50.90867757359826,4.345583698044207
881fa44063fffff,4.0,0.37814530268729096,3,1.5,0.0,2.0,2,2,-0.6715746923736224,1,Strong,50.890907922206274,4.308555680466651
881fa44065fffff,5.0,-0.3039445614245446,1,1.0,0.0,2.0,1,1,-1.56940769149441,1,Strong,50.88549649400235,4.288154789829743
881fa44067fffff,3.8499999999999996,0.08168956695928586,1864,466.0,0.0,2.0,2,4,-0.3396441496743818,1,Strong,50.884724776174664,4.300251844880866
881fa4406bfffff,2.55,-0.10012304742812794,276,138.0,0.0,2.0,2,2,-0.5853373202764022,0,Emerging,50.89786314068276,4.304761040930246
881fa4406dfffff,4.9,0.043508424720926975,16,16.0,0.0,2.0,1,1,-1.2578819914176655,1,Strong,50.892451142281885,4.284358915549201
881fa44081fffff,4.242857142857143,-0.0012466900790310145,315,45.0,0.0,1.8571428571428572,5,7,-0.6023029488383503,1,Strong,50.89086000570069,4.413691985241404
881fa44083fffff,4.566666666666666,0.008948238513381076,925,308.3333333333333,0.3333333333333333,2.0,2,3,-0.21194646470155842,0,Emerging,50.89007525096333,4.425799132836022
881fa44085fffff,4.4,-0.02256824466541225,505,101.0,0.0,2.0,4,5,-0.6654007393686264,1,Strong,50.884682061042355,4.405372571643521
881fa44087fffff,4.6000000000000005,-0.14502890862137066,665,221.66666666666666,0.0,2.0,3,3,-0.8327766678930398,1,Strong,50.88389786372317,4.4174780224004
881fa4408bfffff,4.7,-0.18541284510001343,12,12.0,0.0,2.0,1,1,-1.3989835868268756,1,Strong,50.897037193010334,4.422013382376589
881fa44095fffff,4.4,-0.009893156704736672,112,56.0,0.0,1.5,1,2,-1.4314028424349756,2,Elite,50.88928916954175,4.437907018584418
881fa4409dfffff,4.336842105263158,-0.008289190968789965,4446,234.0,0.0,1.9473684210526316,6,19,-0.06078773095218639,1,Strong,50.89625188048468,4.434122226763087
881fa440a1fffff,4.26,0.01777178208057235,4298,214.9,0.0,1.8,7,20,0.010705982512801235,1,Strong,50.87154081800704,4.400841750571318
881fa440a3fffff,4.3,-0.07101934964624323,520,260.0,0.0,2.0,2,2,-0.8107605967590908,1,Strong,50.87075640871857,4.412944547323916
881fa440a5fffff,4.4,-0.009982654070905816,241,241.0,0.0,1.0,1,1,-1.5449658199056604,2,Elite,50.865361160491375,4.392526588461206
881fa440a7fffff,4.4,0.023651581130266663,538,269.0,0.0,2.0,2,2,-0.7482181161682216,1,Strong,50.86457730784052,4.404627688791065
881fa440a9fffff,4.24,-0.014125247034736787,815,163.0,0.0,1.8,3,5,-0.8041290153649466,1,Strong,50.87850335951548,4.397055141224454
881fa440abfffff,3.892857142857143,0.01840933815132097,5611,400.7857142857143,0.21428571428571427,1.8571428571428572,7,14,0.5739544657156397,0,Emerging,50.87771971924434,4.4091588950982405
881fa440adfffff,4.336363636363637,-0.016615657363642657,6235,283.40909090909093,0.09090909090909091,1.8636363636363635,11,22,0.7641873562314384,1,Strong,50.8723239016002,4.38873969362557
881fa440b1fffff,4.0,-0.2666978703167615,29,29.0,0.0,2.0,1,1,-1.2924616113258658,1,Strong,50.87614846036629,4.4333686196022235
881fa440b7fffff,4.7,-0.2395424324587827,7,7.0,0.0,2.0,1,1,-1.4470114746931386,1,Strong,50.86918361201212,4.4371523562001585
881fa440b9fffff,4.3,0.11686581067388069,8,8.0,0.0,2.0,1,1,-1.0783824358771352,1,Strong,50.88311234004935,4.429584211862689
881fa440bbfffff,3.65,0.011329185284916221,53,26.5,0.0,2.0,2,2,-0.8572739423797952,1,Strong,50.88232548976016,4.441691139016913
881fa440bdfffff,4.5,-0.03128636375609961,23,23.0,0.0,2.0,1,1,-1.2222669710155945,1,Strong,50.876934752948245,4.421263388228468
881fa440c1fffff,4.45,0.06461439441643346,3439,1719.5,0.0,2.0,1,2,0.7145853814498392,0,Emerging,50.905563273091815,4.394009572450265
881fa440c3fffff,4.3,-0.006471146526968674,126,126.0,0.0,2.0,1,1,-1.047832097889919,1,Strong,50.90478138287246,4.406117896348483
881fa440c5fffff,4.7,0.042183968711129616,515,515.0,0.0,2.0,1,1,-0.6756132187112102,1,Strong,50.899385171113934,4.385691284967189
881fa440c7fffff,4.0,0.17392523369150195,89,29.666666666666668,0.0,2.0,3,3,-0.6589693912832381,1,Strong,50.898603838063764,4.397797910465034
881fa440cbfffff,4.475,-0.02611790578449591,824,206.0,0.0,1.75,2,4,-0.9909006646858705,1,Strong,50.91174061787155,4.40232984432338
881fa440cdfffff,4.566666666666666,-0.16638132517277496,89,29.666666666666668,0.0,2.0,2,3,-1.1778738352246343,1,Strong,50.90634383701222,4.38190198965772
881fa440d3fffff,4.416666666666667,0.026052756211834522,572,95.33333333333333,0.0,1.6666666666666667,4,6,-0.8207774148171454,1,Strong,50.90938929366325,4.438662128691702
881fa440d5fffff,4.4,-0.1087390799971244,177,177.0,0.0,2.0,1,1,-1.094910330096472,1,Strong,50.903998166092656,4.418226960338828
881fa440d7fffff,3.7,-0.15479394821754822,47,47.0,0.0,2.0,1,1,-1.1196828719917615,1,Strong,50.903213622491215,4.4303367634073005
881fa440dbfffff,4.4375,0.02008399250543136,2595,324.375,0.125,1.875,5,8,-0.10239160598028976,1,Strong,50.91634986641601,4.434876281061909
881fa440ddfffff,4.366666666666667,-0.0023096976553288093,173,57.666666666666664,0.0,2.0,2,3,-0.9749354223505697,1,Strong,50.91095817011274,4.414439866577059
881fa440e1fffff,4.2,0.11485519343710848,24,24.0,0.0,2.0,1,1,-1.0409229777028037,1,Strong,50.886246477661274,4.38116389029774
881fa440e5fffff,3.905263157894737,-0.02819036375871602,20990,1104.7368421052631,0.15789473684210525,2.0,10,19,1.7513765219021566,0,Emerging,50.880066663027634,4.37284985529561
881fa440e7fffff,4.3,0.005390116333034693,82,27.333333333333332,0.0,2.0,3,3,-0.8593872956363614,1,Strong,50.87928567402279,4.384952127619542
881fa440e9fffff,4.030769230769231,-0.026493712246646154,2514,193.3846153846154,0.0,1.8461538461538463,6,13,-0.20363897545204673,1,Strong,50.89320631241791,4.377374981514823
881fa440ebfffff,3.95,-0.010657138245017395,1722,172.2,0.0,1.9,8,10,0.04590725345320269,1,Strong,50.89242553616667,4.389479908567802
881fa44105fffff,4.4363636363636365,0.017235310351193564,4665,212.04545454545453,0.0,1.9545454545454546,8,22,0.21917342221177552,1,Strong,50.846840372005545,4.262558060002966
881fa44107fffff,4.46,-0.006437408103397768,1971,197.1,0.1,1.9,4,10,-0.3880017143528953,1,Strong,50.84606932723251,4.274646405557754
881fa4410bfffff,4.4,0.12155040466398859,1900,1900.0,0.0,2.0,1,1,0.9504439248354695,0,Emerging,50.859213835016575,4.279147328441658
881fa44111fffff,4.35,-0.022790035329829705,833,208.25,0.0,1.75,3,4,-0.8308668241610927,1,Strong,50.85766821179681,4.303331571852638
881fa44113fffff,4.3052631578947365,0.012537278978180811,12272,645.8947368421053,0.05263157894736842,1.8421052631578947,7,19,0.556166305657388,1,Strong,50.856893415619005,4.315424815327794
881fa44115fffff,3.6,0.06266599474355017,31,15.5,0.5,2.0,1,2,-0.15609330265874227,0,Emerging,50.85148296209215,4.295032545669993
881fa44117fffff,4.3999999999999995,0.011997886278185503,3191,290.09090909090907,0.0,1.9090909090909092,6,11,-0.1416003591267129,1,Strong,50.85070871946138,4.307124089308167
881fa44119fffff,4.423529411764706,-0.009355448155887056,3131,184.1764705882353,0.0,1.8823529411764706,9,17,0.18003217636656885,1,Strong,50.86462673551633,4.2995383833219565
881fa4411bfffff,4.228571428571429,0.012005238052143026,2977,425.2857142857143,0.0,1.7142857142857142,5,7,-0.26264299593546275,1,Strong,50.86385270888461,4.311632579628342
881fa4411dfffff,4.45,0.02293584697496572,1508,251.33333333333334,0.0,2.0,3,6,-0.5905032482642678,1,Strong,50.85844168484166,4.291239075887991
881fa44121fffff,4.3500000000000005,0.03368718781754909,4253,708.8333333333334,0.0,2.0,3,6,-0.06535649192374711,1,Strong,50.83369396447829,4.25806165886529
881fa44123fffff,4.2,-0.02873439164208591,190,190.0,0.0,2.0,1,1,-0.9743893576183286,1,Strong,50.832922702078676,4.270147353065609
881fa44129fffff,4.525,-0.0012146569428130305,433,54.125,0.0,2.0,4,8,-0.6811330290842779,1,Strong,50.84065251388585,4.2542663973871795
881fa4412dfffff,4.7,0.017376781310061595,20,20.0,0.0,1.0,1,1,-1.8277130660809076,2,Elite,50.83446390533034,4.24597671535724
881fa44131fffff,3.8866666666666663,-0.013109493300677351,11686,779.0666666666667,0.26666666666666666,2.0,8,15,1.2706671955509115,0,Emerging,50.83833707010568,4.290528580481815
881fa44133fffff,4.427272727272728,0.015221328333033378,3675,334.09090909090907,0.0,1.9090909090909092,6,11,-0.09738788654305007,1,Strong,50.83756261105384,4.302617472462385
881fa44135fffff,4.05,0.00371800082393825,133,33.25,0.0,2.0,3,4,-0.784859776163305,1,Strong,50.83215011786806,4.282233796952647
881fa44137fffff,4.425,0.06376741493874594,1990,497.5,0.0,2.0,2,4,-0.44464029166247443,1,Strong,50.8313762115832,4.294320989520336
881fa44139fffff,4.1,0.09532607797714504,291,36.375,0.0,2.0,4,8,-0.53196072150292,1,Strong,50.84529696025073,4.286735500718963
881fa4413bfffff,4.37,-0.01791129691322855,2559,255.9,0.0,1.9,5,10,-0.3439711782476245,1,Strong,50.84452327079687,4.298825344479873
881fa4413dfffff,4.6,0.12100291451364864,40,40.0,0.0,1.0,1,1,-1.7027537159726172,2,Elite,50.83911020675284,4.278440436638079
881fa44141fffff,4.866666666666667,0.060202271567124065,244,81.33333333333333,0.0,1.6666666666666667,2,3,-1.207793670538191,1,Strong,50.867709612672314,4.251169087909921
881fa44143fffff,4.314285714285714,0.05234457785815267,650,92.85714285714286,0.0,2.0,4,7,-0.5663777792622451,1,Strong,50.86694087726202,4.263260286275555
881fa44145fffff,4.0,-0.08377453296344506,513,128.25,0.0,2.0,3,4,-0.7401038144217008,1,Strong,50.86152235095623,4.242876587285756
881fa44149fffff,4.25,-0.13222574403727982,21,10.5,0.0,2.0,2,2,-1.118007652089994,1,Strong,50.874664088710944,4.247371421300569
881fa4414bfffff,4.3375,-0.06065181848010737,1201,150.125,0.0,2.0,7,8,-0.19988296004674214,1,Strong,50.873896123142984,4.259463570685445
881fa4414dfffff,4.3,0.16613788473277147,17,17.0,0.0,2.0,1,1,-1.0298516599379248,1,Strong,50.86847702593653,4.239078641547645
881fa44151fffff,4.4125,0.003626935874650905,5732,716.5,0.0,1.875,5,8,0.11690476388651445,1,Strong,50.87235622431231,4.283650122828381
881fa44153fffff,3.942857142857143,0.021533709118767983,7382,527.2857142857143,0.07142857142857142,1.8571428571428572,4,14,0.0933599539839589,1,Strong,50.87158429052215,4.295744523571172
881fa44155fffff,3.966666666666667,0.03631715525985118,4658,517.5555555555555,0.2222222222222222,2.0,5,9,0.46498547093876624,0,Emerging,50.86617081944172,4.27535223563772
881fa44157fffff,3.75,-0.035850520955705845,495,247.5,0.5,2.0,2,2,0.11254504276598902,0,Emerging,50.865399438947634,4.2874449349890575
881fa44159fffff,4.283333333333333,-0.02013333422438716,1119,186.5,0.0,1.8333333333333333,3,6,-0.7578407129187007,1,Strong,50.87931204083817,4.2798546392610906
881fa4415bfffff,4.5,-0.0004860689268131324,20,20.0,0.0,2.0,1,1,-1.2012621081691517,1,Strong,50.87854087671666,4.29194999245542
881fa4415dfffff,4.3500000000000005,0.007779191616771837,3955,659.1666666666666,0.0,2.0,6,6,0.24395323778586536,1,Strong,50.873126835098056,4.271556471530504
881fa4416bfffff,4.699999999999999,-0.0030209773054497013,58,29.0,0.0,2.0,2,2,-1.094062388871052,1,Strong,50.85456670722261,4.246673861741991
881fa44181fffff,4.160369609856263,0.0006200888863997703,525103,1078.2402464065708,0.043121149897330596,1.944558521560575,31,487,11.23164423704609,3,Everyday,50.847598515658696,4.355497724254134
881fa44183fffff,4.369230769230769,0.004280237625046652,39399,303.0692307692308,0.046153846153846156,1.9692307692307693,25,130,4.208512749128203,3,Everyday,50.846817655076684,4.367592993045517
881fa44185fffff,4.308585858585858,-0.004780957305789986,101143,510.82323232323233,0.0,1.9343434343434343,25,198,5.3731518127504225,3,Everyday,50.841415283004366,4.347192185371375
881fa44187fffff,4.238947368421052,-0.007592972176396268,64440,678.3157894736842,0.042105263157894736,2.094736842105263,15,95,2.8949603207427055,3,Everyday,50.84063497725008,4.359285757015629
881fa44189fffff,4.325438596491228,0.004233739973997828,92406,810.578947368421,0.06140350877192982,1.956140350877193,21,114,4.03028218479438,3,Everyday,50.854561085660926,4.3517090207312545
881fa4418bfffff,4.206060606060606,0.00017704389725255526,27206,274.80808080808083,0.04040404040404041,1.9191919191919191,17,99,2.6802635827386796,3,Everyday,50.85378099432568,4.3638052441615685
881fa4418dfffff,4.369709543568464,-4.4989408289646564e-05,193705,803.7551867219917,0.02074688796680498,1.9170124481327802,29,241,6.863951367919617,3,Everyday,50.848378052126115,4.343403198475606
881fa44191fffff,4.4818181818181815,0.04678730532961046,4501,409.1818181818182,0.0,1.8181818181818181,5,11,-0.18524204122643984,1,Strong,50.85221683806023,4.387999917407588
881fa44193fffff,4.37,0.0037758207965795875,4085,408.5,0.0,1.8,6,10,-0.09369627788434205,1,Strong,50.851432772607154,4.400098365202404
881fa44195fffff,4.375,0.007102339719384221,15499,387.475,0.0,1.95,9,40,0.8114189195193836,1,Strong,50.846035470118494,4.379689003840157
881fa44197fffff,4.6000000000000005,0.04916277650884852,2491,355.85714285714283,0.0,1.8571428571428572,4,7,-0.4317414809152767,1,Strong,50.84525196052268,4.39178575562796
881fa44199fffff,4.414285714285714,0.029389075974866126,4061,580.1428571428571,0.0,2.0,3,7,-0.20682516260197306,1,Strong,50.85918074717762,4.384213408409375
881fa4419bfffff,4.366666666666666,0.021143834445382297,7197,599.75,0.0,2.0,5,12,0.1494261363228958,1,Strong,50.858397450794314,4.396312812271731
881fa4419dfffff,4.345544554455445,0.01043654855134806,18008,178.2970297029703,0.019801980198019802,1.9108910891089108,17,101,2.5463474672157793,3,Everyday,50.852999578545976,4.3759022100570935
881fa441a1fffff,4.394565217391304,0.00564126312004203,45465,247.0923913043478,0.005434782608695652,1.875,21,184,4.327696705185533,3,Everyday,50.82826736044599,4.342677226463808
881fa441a3fffff,4.269105691056911,0.008042937308667024,48412,393.5934959349593,0.008130081300813009,1.967479674796748,18,123,3.2696047391969083,3,Everyday,50.82748683985058,4.354768147330959
881fa441a5fffff,4.2375,-0.04406544113487104,3129,195.5625,0.0,1.9375,8,16,0.09545196824219555,1,Strong,50.82208242242923,4.33437593122306
881fa441a7fffff,4.471666666666667,0.007687023630955858,17150,285.8333333333333,0.0,1.9666666666666666,11,60,1.2487076355235303,1,Strong,50.82130245588151,4.346465155362333
881fa441a9fffff,4.190361445783132,-0.0002994506159913225,27803,334.9759036144578,0.07228915662650602,1.8313253012048192,15,83,2.2488825526162035,3,Everyday,50.835231296842984,4.338888627153705
881fa441abfffff,4.390178571428572,-0.005995506045494667,52761,471.08035714285717,0.017857142857142856,1.9642857142857142,22,112,3.6745554191557694,3,Everyday,50.83445154554639,4.350980501608187
881fa441adfffff,4.463636363636364,0.024952843255670973,1599,145.36363636363637,0.0,1.8181818181818181,5,11,-0.4838950310408503,1,Strong,50.829046557654905,4.330587049241434
881fa441b1fffff,4.357575757575758,-0.03400200807696203,4036,122.3030303030303,0.0,1.8181818181818181,7,33,0.05585852544995619,1,Strong,50.83288807154223,4.375166478802476
881fa441b3fffff,4.394117647058824,0.03739561398353404,6452,379.52941176470586,0.058823529411764705,1.8235294117647058,9,17,0.49235156795684276,1,Strong,50.832104348311724,4.387260579524126
881fa441b5fffff,4.4018292682926825,-0.0013348350571544035,90291,550.5548780487804,0.024390243902439025,1.9451219512195121,24,164,4.801948875536784,3,Everyday,50.82670499560694,4.366859810834446
881fa441b7fffff,4.443548387096774,-0.002425152970643571,22300,359.6774193548387,0.0,1.8225806451612903,13,62,1.5265679056565409,1,Strong,50.82592182745358,4.378952215965583
881fa441b9fffff,4.407692307692307,0.005826158683368537,11157,429.11538461538464,0.038461538461538464,1.9615384615384615,11,26,0.96005869713919,1,Strong,50.839853347449434,4.37138007121082
881fa441bbfffff,4.393478260869565,0.020607445901316454,39388,856.2608695652174,0.06521739130434782,2.0,13,46,2.0599597750262766,1,Strong,50.83907039334093,4.383475126947471
881fa441bdfffff,4.3309523809523816,-0.0018161889502153199,64692,513.4285714285714,0.031746031746031744,1.9444444444444444,24,126,4.213800852799651,3,Everyday,50.833670470533356,4.363073119160735
881fa441c1fffff,4.2727272727272725,-0.012737502295928849,3681,334.6363636363636,0.0,1.8181818181818181,5,11,-0.26731462010752943,1,Strong,50.862300684968346,4.335823212127394
881fa441c3fffff,4.392307692307693,-0.008527127062998194,7908,608.3076923076923,0.07692307692307693,1.9230769230769231,9,13,0.7316667701421143,1,Strong,50.86152268715865,4.347919646301968
881fa441c5fffff,4.2375,0.046313043078554494,1352,169.0,0.0,2.0,4,8,-0.45695236782595905,1,Strong,50.85611729604542,4.327518805305119
881fa441c7fffff,4.340350877192982,0.002952432923669182,19628,344.35087719298247,0.017543859649122806,1.8421052631578947,13,57,1.5004561054937573,1,Strong,50.855339852813486,4.3396135407759315
881fa441c9fffff,4.233333333333333,-0.12998987347801672,1701,567.0,0.0,2.0,3,3,-0.3676479804768978,1,Strong,50.86926054849276,4.332032212384899
881fa441cbfffff,4.288888888888889,0.01099810104234791,5795,643.8888888888889,0.0,1.8888888888888888,4,9,-0.033392235459628175,1,Strong,50.868483320053805,4.344129600821191
881fa441cdfffff,4.433333333333334,0.032982946489312624,1786,595.3333333333334,0.0,2.0,3,3,-0.25214535344453165,1,Strong,50.863077358789525,4.32372752289976
881fa441d1fffff,4.3,-0.0015629649504197856,7087,545.1538461538462,0.0,1.6923076923076923,6,13,0.04618840909156988,1,Strong,50.866924889957744,4.36832660988318
881fa441d3fffff,4.385714285714285,-0.003913827826907872,5436,388.2857142857143,0.0,1.8571428571428572,9,14,0.3529668636188658,1,Strong,50.86614368777668,4.380426228488122
881fa441d5fffff,4.252,-0.015865257309863042,8087,323.48,0.12,2.0,10,25,0.8713400319781723,1,Strong,50.8607433650982,4.360016824413881
881fa441d7fffff,4.318965517241379,-0.004428057432298633,18935,326.4655172413793,0.0,1.9137931034482758,8,58,0.871082718709311,1,Strong,50.859962718525104,4.372114745453157
881fa441d9fffff,4.5,0.023119446250579934,2070,1035.0,0.0,1.5,2,2,-0.24019328569038187,2,Elite,50.873886092745884,4.364537803201978
881fa441dbfffff,4.311111111111111,0.0538015942606096,3722,413.55555555555554,0.0,1.5555555555555556,6,9,-0.19709765863887274,2,Elite,50.87310565975933,4.376638377498616
881fa441ddfffff,4.175,-0.0022206479298031434,4252,531.5,0.0,1.75,2,8,-0.49429873375542416,1,Strong,50.867704767296175,4.356227733657347
881fa441e1fffff,4.328571428571428,-0.010781412341229122,4293,613.2857142857143,0.0,2.0,4,7,-0.05615577878753074,1,Strong,50.84297192342117,4.323007273771682
881fa441e3fffff,4.25,-0.013711313829826688,17120,570.6666666666666,0.0,1.7,12,30,1.1034520746190823,1,Strong,50.84219426497406,4.335099357287153
881fa441e5fffff,4.26875,0.007573890360343172,5870,366.875,0.0,1.9375,5,16,-0.06878662649760327,1,Strong,50.83678682933447,4.31470711157287
881fa441e7fffff,4.1875,-0.014429418246646342,2369,296.125,0.0,1.875,6,8,-0.1753845436088348,1,Strong,50.83600972468498,4.326797496805896
881fa441e9fffff,4.075,-0.018989956284018228,1630,407.5,0.0,1.75,4,4,-0.4247364160999832,1,Strong,50.8499331537652,4.319216379993955
881fa441ebfffff,4.309090909090909,0.05477712346139218,5815,528.6363636363636,0.09090909090909091,1.7272727272727273,6,11,0.2049211590656445,1,Strong,50.84915626474091,4.331309416719254
881fa441edfffff,4.2,-0.037758583919027235,1338,446.0,0.0,2.0,2,3,-0.546503942413587,1,Strong,50.84374825860794,4.3109159358333
881fa442a5fffff,4.3999999999999995,-0.002705887548639948,509,169.66666666666666,0.0,2.0,3,3,-0.7335103392019376,1,Strong,50.914080002421464,4.366004224945359
881fa442a7fffff,4.45,-0.0066114391857964305,789,197.25,0.0,2.0,2,4,-0.8303130125081727,1,Strong,50.91330153376416,4.378112022493984
881fa442b7fffff,3.9,-0.008254167815016977,1940,1940.0,0.0,2.0,1,1,1.000181368636709,0,Emerging,50.91791720497311,4.4106521009456925
881fa44301fffff,4.4,-0.04958414677331868,111,55.5,0.0,1.5,1,2,-1.463194236088999,2,Elite,50.90170741675799,4.244269991984082
881fa44307fffff,4.65,-0.03590767563498676,846,211.5,0.0,2.0,3,4,-0.7536149547046659,1,Strong,50.894756047034896,4.248069394400155
881fa4430bfffff,4.25,0.055325020753106635,362,181.0,0.0,2.0,2,2,-0.7858842894046455,1,Strong,50.90789237844026,4.252567576376895
881fa44317fffff,4.566666666666666,0.02954187304769995,262,87.33333333333333,0.0,2.0,3,3,-0.8334143937746851,1,Strong,50.899404821457985,4.28056236946881
881fa44319fffff,4.7,-0.016445243772179374,505,505.0,0.0,2.0,1,1,-0.7325931377434866,1,Strong,50.91330927211167,4.272967261328392
881fa44331fffff,3.65,-0.03049127079420999,218,109.0,0.0,2.0,2,2,-0.8009479439263002,1,Strong,50.88703595971458,4.263962928827171
881fa44333fffff,4.49,-0.039298621905524245,1497,149.7,0.0,1.9,4,10,-0.6295962717994682,1,Strong,50.88626688842779,4.276058484142324
881fa44335fffff,3.4166666666666665,0.0025605426234524367,2356,392.6666666666667,1.0,2.0,4,6,1.4779592874757528,0,Emerging,50.88085040013028,4.25566618360601
881fa44339fffff,4.1,-0.024868454275513763,372,372.0,0.0,2.0,1,1,-0.7527149998894715,1,Strong,50.89398906848013,4.260165149941337
881fa4433bfffff,3.85,0.13111514102639688,74,37.0,0.0,2.0,2,2,-0.7950673284874641,1,Strong,50.893220766983795,4.272261657327152
881fa44a13fffff,4.1,-0.16146888213554256,14,14.0,0.0,2.0,1,1,-1.2475708411241797,1,Strong,50.81358475667946,4.257361325563231
881fa44a15fffff,4.275,-0.0005865996299259102,621,155.25,0.0,2.0,3,4,-0.705161431415089,1,Strong,50.8081651812248,4.2369948166207
881fa44a19fffff,4.24,0.044786648695516094,556,111.2,0.0,2.0,3,5,-0.6943752962844644,1,Strong,50.82131560042071,4.241484832913281
881fa44a1bfffff,4.3,-0.035580164622336596,18,18.0,0.0,2.0,1,1,-1.1875913152913444,1,Strong,50.82054544112258,4.253567125998425
881fa44a3bfffff,4.45,0.07557271001388788,237,118.5,0.0,1.5,2,2,-1.1795487658429993,2,Elite,50.80120410029383,4.2407895736838075
881fa44a53fffff,4.3,-0.07154547806974332,667,667.0,0.0,2.0,1,1,-0.5137841092616594,1,Strong,50.828274546819195,4.2376890135504865
881fa44a5bfffff,4.25,0.013235474906210243,354,177.0,0.0,1.5,2,2,-1.121875433741383,2,Elite,50.83523252489854,4.233892523546738
881fa44a81fffff,3.8,0.19063027551889444,110,110.0,0.0,2.0,1,1,-0.8012910696996195,1,Strong,50.804300080242214,4.297400533445248
881fa44a83fffff,4.1,-0.09243445051567889,35,17.5,0.0,2.0,2,2,-1.046505999440831,1,Strong,50.80352309568454,4.309483921324623
881fa44a85fffff,4.333333333333333,-0.044280732535774435,968,161.33333333333334,0.16666666666666666,2.0,4,6,-0.32442161709069667,1,Strong,50.79811158312592,4.289108851657898
881fa44a87fffff,4.4,-0.2635960089600151,9,4.5,0.0,2.0,2,2,-1.2605316096558519,1,Strong,50.797335150806234,4.301190542099736
881fa44a89fffff,3.75,-0.09848746423230481,1410,352.5,0.25,2.0,3,4,-0.05994560729390046,0,Emerging,50.81126404176494,4.29360985474783
881fa44a8bfffff,4.2125,-0.01532686778797071,2186,273.25,0.0,2.25,4,8,-0.23800515267678146,1,Strong,50.810487826733656,4.305694193736792
881fa44a8dfffff,4.28,0.019041253227985895,10363,690.8666666666667,0.13333333333333333,1.8666666666666667,7,15,0.6970965168261385,1,Strong,50.80507574299575,4.28531789239733
881fa44a91fffff,4.185714285714285,-0.029221253041402915,2017,288.14285714285717,0.0,1.8571428571428572,4,7,-0.476677808356404,1,Strong,50.80893143000599,4.329865109571236
881fa44a93fffff,4.466666666666666,0.04111103862035037,4246,1415.3333333333333,0.0,2.0,2,3,0.5063181031266545,0,Emerging,50.80815124778534,4.341951684403768
881fa44a95fffff,4.025,-0.0863427694836022,426,106.5,0.0,2.0,4,4,-0.643275997401993,1,Strong,50.8027447890604,4.321568055029718
881fa44a97fffff,4.2631578947368425,-0.041925497009687854,7473,393.3157894736842,0.10526315789473684,2.0,11,19,0.9378235880667619,1,Strong,50.801965160107656,4.333652933554433
881fa44a99fffff,4.553846153846154,-0.021770692093170466,1932,148.6153846153846,0.07692307692307693,1.8461538461538463,8,13,0.015071621370770547,1,Strong,50.81589673197647,4.326076615526192
881fa44a9bfffff,4.488888888888889,-0.01932713337653423,6666,370.3333333333333,0.0,1.9444444444444444,6,18,0.028113753053540927,1,Strong,50.8151173191065,4.3381641428955655
881fa44a9dfffff,4.326086956521739,-0.016568742957614707,3738,162.52173913043478,0.0,1.826086956521739,10,23,0.35698859657330057,1,Strong,50.8097102895681,4.317779279013378
881fa44aa9fffff,4.3,-0.023635655189957916,59,59.0,0.0,2.0,1,1,-1.133830797084503,1,Strong,50.79192233586528,4.280819148014057
881fa44aabfffff,4.15,-0.017130681185646313,1102,137.75,0.0,1.875,5,8,-0.4685139071964857,1,Strong,50.791146455413696,4.292899140978449
881fa44ab1fffff,4.2,0.039623845458894635,645,645.0,0.0,1.0,1,1,-1.0253731428464343,2,Elite,50.789590730029445,4.317061366641096
881fa44ab3fffff,4.3500000000000005,0.04066734673269442,3197,532.8333333333334,0.0,1.8333333333333333,3,6,-0.3497755460420068,1,Strong,50.788810884572385,4.329143597329011
881fa44ab9fffff,3.875,-0.06822445106508845,4775,596.875,0.0,1.875,4,8,-0.08008355477340544,1,Strong,50.79655739675019,4.3132729789112005
881fa44abbfffff,4.41,-0.05904264868166727,898,89.8,0.0,2.0,5,10,-0.5050400920133349,1,Strong,50.79577832069554,4.325356161086726
881fa44abdfffff,3.75,0.08839995193712946,6956,1739.0,0.75,2.0,3,4,2.3768002543279874,0,Emerging,50.79036925355585,4.304979880855769
881fa44ac1fffff,3.5181818181818185,-0.032122046853184934,5307,482.45454545454544,0.2727272727272727,2.090909090909091,6,11,0.7626656131869242,0,Emerging,50.81900115881343,4.277733963478344
881fa44ac3fffff,4.618181818181818,0.009550950184864878,1432,130.1818181818182,0.0,2.0,5,11,-0.43747877395373563,1,Strong,50.8182270352758,4.28981850586294
881fa44ac5fffff,3.6714285714285713,0.05541845347216328,415,59.285714285714285,0.0,2.0,5,7,-0.33275259207992336,1,Strong,50.812812506474934,4.269443419655743
881fa44ac7fffff,4.366666666666666,0.024146846142529082,695,231.66666666666666,0.0,1.6666666666666667,2,3,-0.9648786570755495,1,Strong,50.812038934924445,4.281526263052296
881fa44ac9fffff,4.171428571428572,0.0013133214166081153,1292,184.57142857142858,0.0,2.0,3,7,-0.6041019091642457,1,Strong,50.82596241456429,4.273940993530936
881fa44acbfffff,3.5749999999999997,-0.0691612654005681,429,107.25,0.0,1.75,3,4,-0.8082150272283462,1,Strong,50.825189060676294,4.2860264866460955
881fa44acdfffff,4.6,0.02735038525180178,202,101.0,0.0,2.0,2,2,-0.9705232573402188,1,Strong,50.81977396067466,4.265650169855076
881fa44ad1fffff,3.8666666666666667,-0.0412671643640811,387,129.0,0.0,2.0,2,3,-0.819771906063383,1,Strong,50.82363838661703,4.310199716524315
881fa44ad3fffff,4.3375,0.12365019727437485,3763,235.1875,0.0,1.875,9,16,0.3391354644290308,1,Strong,50.822861065920385,4.322287451274593
881fa44ad5fffff,4.46,0.03053163142396027,679,135.8,0.0,1.6,3,5,-0.9656172615315008,2,Elite,50.81745158979882,4.301903796003208
881fa44ad9fffff,4.366666666666666,-0.04722949663892161,2761,184.06666666666666,0.0,1.8666666666666667,7,15,-0.13276312310493768,1,Strong,50.83060098296115,4.306408929762308
881fa44adbfffff,4.6,-0.044947230500468296,273,54.6,0.0,1.8,4,5,-0.8960943403144307,1,Strong,50.82982443173922,4.318497616671711
881fa44addfffff,4.375,0.04589382685715915,3204,267.0,0.0,2.0,6,12,-0.06507215561715692,1,Strong,50.824414384781484,4.2981127279792695
881fa44aebfffff,4.3,-0.10620502076213878,49,49.0,0.0,2.0,1,1,-1.2096598538023526,1,Strong,50.80585008420777,4.273235999186177
881fa44c45fffff,4.6,0.009935228770742377,9,9.0,0.0,2.0,1,1,-1.2266901889320598,1,Strong,50.801862142953766,4.438670956022862
881fa44c4dfffff,4.566666666666666,0.03038666154716611,1028,342.6666666666667,0.0,2.0,2,3,-0.6843289248896304,1,Strong,50.80883436661399,4.434891051409562
881fa44e01fffff,4.285714285714286,-0.02053110373744005,3230,461.42857142857144,0.14285714285714285,2.142857142857143,6,7,0.3477165398020963,1,Strong,50.8421046705444,4.4401801524964934
881fa44e05fffff,4.6000000000000005,0.042991697724273026,4451,370.9166666666667,0.0,2.1666666666666665,4,12,-0.1599518151787389,1,Strong,50.83592532860741,4.431862745105445
881fa44e07fffff,4.3,-0.017736151958712476,170,170.0,0.0,1.0,1,1,-1.6061494217261434,2,Elite,50.835135749046074,4.443961493393609
881fa44e09fffff,3.857142857142857,-0.014676968668202799,5236,748.0,0.14285714285714285,2.0,5,7,0.5423890463265999,0,Emerging,50.849072623834914,4.436398141141078
881fa44e0dfffff,4.65,0.07222135349069081,717,358.5,0.0,2.0,2,2,-0.6674829582241489,1,Strong,50.84289348129952,4.428080446844198
881fa44e25fffff,4.423076923076923,0.0005120233599945537,4118,316.7692307692308,0.0,1.8461538461538463,10,13,0.37710252197597155,1,Strong,50.81659485776366,4.419016071741302
881fa44e27fffff,4.227777777777778,0.02372262297753511,17555,975.2777777777778,0.16666666666666666,1.9444444444444444,9,18,1.419861245100249,0,Emerging,50.81580562250351,4.431110476976321
881fa44e29fffff,4.166666666666667,-0.015277516379840131,1004,334.6666666666667,0.0,2.0,2,3,-0.6420059248296345,1,Strong,50.82974523057402,4.423547318069476
881fa44e2bfffff,4.125,0.00014638734892846728,5096,1274.0,0.0,2.5,3,4,0.8368656224152294,0,Emerging,50.828956207777466,4.435644373009849
881fa44e2dfffff,4.625,-0.03490633257909348,480,120.0,0.0,2.0,2,4,-0.9741966023730732,1,Strong,50.82356437692473,4.415233871031534
881fa44e41fffff,4.315384615384615,0.02384237667316275,3737,287.46153846153845,0.0,1.9230769230769231,7,13,0.0496559067092595,1,Strong,50.856826881875776,4.420513838669779
881fa44e43fffff,4.1,-0.10487426725542415,282,141.0,0.0,2.0,2,2,-0.9226912492098663,1,Strong,50.85603960881892,4.432615459181966
881fa44e45fffff,4.585714285714286,0.023555239360903917,1958,279.7142857142857,0.0,1.7142857142857142,5,7,-0.48865363628680136,1,Strong,50.85064738192572,4.412197552430597
881fa44e47fffff,4.279999999999999,-0.012150897572010733,3011,301.1,0.0,1.9,5,10,-0.27097635440075085,1,Strong,50.84986066575515,4.4242974780807405
881fa44e49fffff,4.516666666666667,-0.004629480870668908,1194,199.0,0.0,1.8333333333333333,5,6,-0.5271936231045911,1,Strong,50.863792129562995,4.416729528465957
881fa44e4bfffff,4.3,0.03759315741094005,4475,1118.75,0.25,2.0,3,4,0.7566380260385156,0,Emerging,50.863005625397996,4.428832106473783
881fa44e4dfffff,4.4125,-0.007303683695471241,3913,489.125,0.0,2.0,4,8,-0.19087058529763118,1,Strong,50.85761282911402,4.408412956029031
881fa44e5dfffff,3.5,0.07097798971172464,13,13.0,0.0,2.0,1,1,-0.9352401323142965,1,Strong,50.86221779508494,4.440935421802008
881fa44e61fffff,4.4,0.024899733861339406,9669,537.1666666666666,0.0,2.111111111111111,8,18,0.6178783372194664,1,Strong,50.837500511155696,4.407667459005309
881fa44e63fffff,4.425,-0.02095188713051499,900,225.0,0.0,2.0,3,4,-0.6783357162534892,1,Strong,50.83671358255721,4.419764733305558
881fa44e65fffff,4.469230769230769,-0.003663147287122368,3022,232.46153846153845,0.0,1.9230769230769231,8,13,0.0628759018355549,1,Strong,50.831319300580695,4.399355420315963
881fa44e67fffff,3.9000000000000004,-0.06641990098442929,122,61.0,0.0,2.0,2,2,-0.93549724715661,1,Strong,50.83053292808833,4.411451000167913
881fa44e69fffff,4.511111111111111,0.042835834498627566,3169,352.1111111111111,0.0,2.0,5,9,-0.17812925042055333,1,Strong,50.84446712602815,4.403883247398512
881fa44e6bfffff,4.3999999999999995,0.0031171847073485424,10530,501.42857142857144,0.0,2.0952380952380953,11,21,0.9813610302952964,1,Strong,50.84368096637397,4.415981478140992
881fa44e6dfffff,4.394444444444444,0.05019105278300944,28855,1603.0555555555557,0.1111111111111111,1.8333333333333333,11,18,2.1851983796964705,0,Emerging,50.838286114663376,4.395570923215729
881fa44f01fffff,4.3,0.0961978824652685,2090,1045.0,0.5,3.0,2,2,1.5568114552054892,0,Emerging,50.79883341577728,4.3819998757140075
881fa44f03fffff,4.1499999999999995,-0.028768148293580504,1278,213.0,0.0,2.1666666666666665,2,6,-0.6357899755398915,1,Strong,50.79804717125868,4.394088463231757
881fa44f05fffff,4.466666666666667,-0.012243431295099761,3640,202.22222222222223,0.0,2.0,9,18,0.2732584490759055,1,Strong,50.79264879125537,4.373696323305252
881fa44f09fffff,4.125,0.0031317149187390925,8303,1037.875,0.0,2.0,3,8,0.34568230327709415,0,Emerging,50.80580276255566,4.378215864476617
881fa44f0bfffff,4.65,-0.027615848339244575,1310,327.5,0.0,2.0,3,4,-0.6215911843581466,1,Strong,50.80501728708571,4.390305406333279
881fa44f0dfffff,4.220000000000001,0.025337871978130977,2483,496.6,0.0,1.8,4,5,-0.2799909059180727,1,Strong,50.79961833666053,4.369912027979559
881fa44f11fffff,4.6,0.09141172046578205,60,60.0,0.0,2.0,1,1,-1.1073655205076935,1,Strong,50.80344236399076,4.414486706744026
881fa44f13fffff,4.093333333333333,-0.037338525499673675,4326,288.4,0.0,2.0,8,15,0.25472117671196476,1,Strong,50.80265291584505,4.426578463279768
881fa44f15fffff,4.566666666666666,-0.061527924765728624,402,67.0,0.0,2.0,3,6,-0.8817822990915668,1,Strong,50.79725960284407,4.406177789524394
881fa44f17fffff,4.377777777777777,-0.0252178562973752,5742,319.0,0.0,1.9444444444444444,10,18,0.503341911267133,1,Strong,50.796470710273134,4.4182678535830675
881fa44f19fffff,2.45,-0.07052036475746748,898,449.0,0.0,2.0,2,2,-0.20383991660948114,0,Emerging,50.81041304997942,4.410704890142822
881fa44f1bfffff,4.433333333333334,-0.002631102471063166,2083,347.1666666666667,0.0,1.8333333333333333,4,6,-0.4750280600369267,1,Strong,50.8096243707041,4.422797602442369
881fa44f1dfffff,4.6,0.16431049397729325,408,408.0,0.0,2.0,1,1,-0.6734833553528651,1,Strong,50.8042304876509,4.402395687425406
881fa44f41fffff,4.38421052631579,-0.0464074237248323,5637,296.6842105263158,0.05263157894736842,1.9473684210526316,10,19,0.5610914121218998,1,Strong,50.81355452413949,4.362341427814047
881fa44f43fffff,4.34,-0.018711894234114634,7876,787.6,0.0,2.2,6,10,0.54406926855077,1,Strong,50.81277114151935,4.374431183347496
881fa44f45fffff,4.466666666666667,-0.020010958336616716,2081,231.22222222222223,0.0,2.0,4,9,-0.4765500581378609,1,Strong,50.80736974264435,4.354039002503835
881fa44f47fffff,4.378571428571429,-0.010040507170563182,5321,380.07142857142856,0.0,2.142857142857143,8,14,0.3835808472462722,1,Strong,50.80658691432156,4.366127062864089
881fa44f49fffff,4.397435897435898,-0.010562944023380337,43581,372.4871794871795,0.008547008547008548,2.076923076923077,20,117,3.4351940556379583,3,Everyday,50.820521166015396,4.3585551226846215
881fa44f4bfffff,4.32127659574468,0.0007675761569387212,16696,355.2340425531915,0.02127659574468085,1.9787234042553192,16,47,1.8344479557710993,1,Strong,50.819738552569355,4.370645832181739
881fa44f4dfffff,4.455,0.023689022420590077,6051,302.55,0.0,1.9,7,20,0.12751549162574255,1,Strong,50.81433658324806,4.350252413994061
881fa44f51fffff,4.242857142857143,0.013697942763024586,17569,836.6190476190476,0.047619047619047616,1.8571428571428572,10,21,1.1917036690028797,1,Strong,50.81816935389254,4.39482947366578
881fa44f53fffff,4.333333333333333,-0.024631356105356234,3789,315.75,0.0,1.8333333333333333,9,12,0.22512820240832795,1,Strong,50.817382768139936,4.40692240363444
881fa44f55fffff,4.431818181818182,-0.009189116861290314,6043,274.6818181818182,0.09090909090909091,1.9090909090909092,4,22,-0.12770765841059498,1,Strong,50.81198643512652,4.386521679586028
881fa44f57fffff,4.3238095238095235,-0.018861655177462893,4031,191.95238095238096,0.0,1.9047619047619047,8,21,0.14864178902240643,1,Strong,50.81120040470007,4.3986129155208475
881fa44f59fffff,3.9899999999999998,-0.059961323397968516,2491,249.1,0.1,1.9,6,10,-0.016115792565142215,1,Strong,50.82513733512937,4.391045361715236
881fa44f5bfffff,4.5,0.015139083377917412,4664,212.0,0.045454545454545456,1.9545454545454546,11,22,0.6588667991467868,1,Strong,50.824351518373305,4.403139247073841
881fa44f5dfffff,4.3921052631578945,0.006012438686740735,14399,378.92105263157896,0.02631578947368421,1.894736842105263,13,38,1.287184497918433,1,Strong,50.8189546152821,4.382737282845099
881fa44f61fffff,4.025,-0.030311704898991376,1384,173.0,0.0,2.125,4,8,-0.39214156048799526,1,Strong,50.79421620154281,4.349524757505944
881fa44f63fffff,4.1866666666666665,-0.0035978107716386396,7452,496.8,0.0,2.0,8,15,0.4864614731781335,1,Strong,50.79343315792157,4.361610169736573
881fa44f65fffff,4.3,0.01651612512383238,119,119.0,0.0,2.0,1,1,-1.0373061949378595,1,Strong,50.788029716922885,4.341226571913794
881fa44f69fffff,4.4,0.02754301424691996,1539,384.75,0.0,1.75,2,4,-0.7389697571363424,1,Strong,50.801184208564464,4.345738555892307
881fa44f6bfffff,4.742857142857143,0.013218238889868188,732,104.57142857142857,0.0,2.0,5,7,-0.549837679559122,1,Strong,50.80040193416921,4.357824921036428
881fa44f6dfffff,4.666666666666667,0.0025770516961835335,555,185.0,0.0,2.0,2,3,-0.8985300384182132,1,Strong,50.7949979223803,4.33744008762041
